RecipeName,Ingredient1,Ingredient2,Ingredient3,Ingredient4,Ingredient5,Ingredient6,Ingredient7,Ingredient8,Ingredient9,Ingredient10,Ingredient11
Rösti hapjes met zalm,16 stuks Rösti rondjes,125 gram Warmgerookte,1 stuk Avocado,2 eetlepel Mayonaise,1 eetlepel Sriracha,1 eetlepel Sojasaus,16 stuks Jalapeno,2 theelepel Sesamzaad,,,
Kip met champignonroomsaus,300 gram PLUS Witte rijst,4 stuks Boerentrots kipdijfilet,2 eetlepel Roomboter,600 gram Champignons,1 stuk Uien,3 tenen Knoflook,250 ml Slagroom,75 gram Parmigiano,10 gram Peterselie,,
Kabeljauw puttanesca,300 gram Spaghetti,1 stuk PLUS Kabeljauwfilet,1 eetlepel Uien,4 tenen Knoflook,4 filets Ansjovis,3 eetlepel Olijfolie mild,1 stuk Tomatenblokjes,1 theelepel Oregano,2 theelepel Kappertjes,75 gram Groene olijven,10 gram Peterselie
Aardbeien trifle glaasjes,250 gram Aardbeien,250 ml Slagroom,2 eetlepel Neutraal suiker,4 sneetjes Cake,4 eetlepel Dessertsaus,200 ml Vanille vla,,,,,
Geroosterde pompoen met burrata,800 gram Kruimige aardappel,100 ml Olijfolie mild,1 stuk Pompoen Hokkaido,50 gram Roomboter,50 gram Hazelnoten,1 stuk Citroenen,2 stuks Burrata,2 takjes Munt,,,
Mini saucijzenbroodjes,1 stuk Bladerdeeg,1 stuk PLUS Gemengd gehakt gekruid,2 stuks Eieren,30 gram Paneermeel,1 theelepel Knoflookpoeder,100 gram PLUS Goudse geraspte kaas jong,2 eetlepel Mosterd,2 eetlepel Sesamzaad,,,
Forel uit de oven,2 stuks GIJS Forelfilet,700 gram Krieltjes,400 gram Bimi,2 tenen Knoflook,3 eetlepel Olijfolie mild,1 takjes Rozemarijn,1 stuk Citroenen,4 eetlepel Mayonaise,,,
Loaded fries met vega shoarma,1 stuk Rode uien,2 stuks Paprika,300 gram Vivera shoarma,700 gram PLUS Verse frites,150 gram PLUS Goudse geraspte kaas jong,2 stuks Bosuien,100 ml Knoflooksaus,,,,
Pindakaasmousse met chocolade,300 ml Slagroom,100 gram Neutraal suiker,200 gram Pindakaas,100 gram Plus chocoladereep puur,,,,,,,
Spruiten uit de oven met kaas,800 gram PLUS Kruimige aardappel,500 gram Spruiten,150 gram Spekreepjes,2 eetlepel Olijfolie mild,1 theelepel Knoflookpoeder,30 gram Paneermeel,40 gram Parmigiano,100 ml Halfvolle melk,2 eetlepel Roomboter,,
